date,cash_usd,positions_value_usd,equity_usd,equity_cny,daily_ret_pct,cum_ret_pct,target_hit,diagnosis_category
2026-09-16,1789.44,0.0,1789.44,11999.98,0.0,0.0,0,INIT
2026-09-17,714.07,1080.73,1794.8,12035.93,0.3,0.3,0,③择时/执行偏差
2026-09-18,446.68,1361.34,1808.02,12124.58,0.737,1.038,0,③择时/执行偏差
2026-09-21,202.73,1726.01,1928.74,12934.13,6.677,7.785,1,达标
2026-09-22,205.71,1737.09,1942.8,13028.42,0.729,8.57,0,③择时/执行偏差
2026-09-23,205.71,1698.98,1904.69,12772.85,-1.962,6.441,0,①市场regime逆转
2026-09-24,196.12,1722.13,1918.25,12863.78,0.712,7.198,0,③择时/执行偏差
2026-09-25,456.29,1463.43,1919.72,12873.64,0.077,7.28,0,③择时/执行偏差
2026-09-28,1305.2,553.3,1858.5,12463.1,-3.189,3.859,0,①市场regime逆转
2026-09-29,1583.97,279.77,1863.74,12498.24,0.282,4.152,0,⑤策略不匹配
2026-09-30,1588.64,270.24,1858.88,12465.65,-0.261,3.881,0,⑤策略不匹配
2026-10-01,1588.64,280.9,1869.54,12537.14,0.03,4.476,0,⑤策略不匹配
2026-10-02,738.54,1145.7,1884.24,12635.71,0.786,5.298,0,③择时/执行偏差
2026-10-05,738.54,1160.99,1899.53,12738.25,0.811,6.152,0,③择时/执行偏差
2026-10-06,755.97,1146.31,1902.28,12756.69,0.145,6.306,0,③择时/执行偏差
2026-10-07,769.5,1125.59,1895.09,12708.47,-0.378,5.904,0,③择时/执行偏差
