datetime,action,symbol,qty,price,amount_usd,reason
2026-09-17 22:40:34,BUY,AMD,0.9988,537.4386,536.79,唯一接近20日新高(-1.0%)且5日动量+6.15%的候选；Citi会议CFO上调2030 AI TAM至$2-3万亿，催化剂当日驱动+5%；加息利空出尽，半导体领涨，regime=risk-on。止损$504.9(-6%)、止盈$585.8(+9%)。
2026-09-17 22:40:34,BUY,FNGU,8.1274,33.0265,268.42,3x FANG+杠杆ETN，作为risk-on反弹的贝塔放大器；5日动量+4.77%、RSI 56.4，重仓股(MSFT/PLTR/META/NVDA)集体走强；当日+5.16%量能配合。止损$31.0(-6%)、止盈$36.0(+9%)。
2026-09-17 16:26:18,BUY,SMCI,6.6542,40.6003,270.16,云端动量入场（B级）：距20日新高 -2.3%、5日动量 +4.2%、RSI 59、量比 0.8；止损 -6% / 止盈 +9% / 时间止损 5 日
2026-09-18 17:23:18,BUY,MSTR,1.7804,150.1851,267.39,云端动量入场（B级）：距20日新高 +3.6%、5日动量 +16.8%、RSI 65、量比 0.6；止损 -6% / 止盈 +9% / 时间止损 5 日
2026-09-21 19:06:11,SELL,AMD,0.9988,611.684,610.95,止盈 +13.9%（现价 $611.99 vs 成本 $537.44）
2026-09-21 19:06:11,SELL,MSTR,1.7804,166.6666,296.73,止盈 +11.0%（现价 $166.75 vs 成本 $150.19）
2026-09-21 19:06:11,BUY,MSTR,3.4515,166.8334,575.83,云端动量入场（A级）：距20日新高 +8.3%、5日动量 +27.3%、RSI 70、量比 2.0；止损 -6% / 止盈 +9% / 时间止损 5 日
2026-09-21 19:06:11,BUY,AMD,0.9404,612.296,575.8,云端动量入场（A级）：距20日新高 +9.3%、5日动量 +18.6%、RSI 73、量比 1.7；止损 -6% / 止盈 +9% / 时间止损 5 日
2026-09-22 17:58:43,SELL,FNGU,8.1274,36.1219,293.58,止盈 +9.4%（现价 $36.14 vs 成本 $33.03）
2026-09-22 17:58:43,BUY,SOXL,1.9516,148.9044,290.6,云端动量入场（B级）：距20日新高 +3.4%、5日动量 +47.2%、RSI 62、量比 1.1；止损 -6% / 止盈 +9% / 时间止损 5 日
2026-09-24 18:15:30,SELL,SMCI,6.6542,41.4493,275.81,时间止损：持有 5 个交易日满期退出（浮动盈亏 +2.1%）
2026-09-24 18:15:30,BUY,FNGU,8.0446,35.4777,285.4,云端动量入场（B级）：距20日新高 -2.9%、5日动量 +13.0%、RSI 62、量比 0.9；止损 -6% / 止盈 +9% / 时间止损 5 日
2026-09-25 18:15:10,SELL,MSTR,3.4515,159.0404,548.93,移动止盈：自持仓以来高点 $169.76 回撤超 5.0%（现价 $159.12）
2026-09-25 18:15:10,BUY,TQQQ,3.6118,79.95,288.76,云端动量入场（B级）：距20日新高 -1.5%、5日动量 +12.0%、RSI 64、量比 1.2；止损 -6% / 止盈 +9% / 时间止损 5 日
2026-09-28 20:24:12,SELL,AMD,0.9404,607.5661,571.36,时间止损：持有 5 个交易日满期退出（浮动盈亏 -0.7%）
2026-09-28 20:24:12,SELL,SOXL,1.9516,142.2189,277.55,移动止盈：自持仓以来高点 $152.80 回撤超 5.0%（现价 $142.29）
2026-09-29 19:08:25,SELL,FNGU,8.0446,34.6527,278.77,时间止损：持有 3 个交易日满期退出（浮动盈亏 -2.3%）
2026-09-30 18:50:56,SELL,TQQQ,3.6118,78.9105,285.01,时间止损：持有 3 个交易日满期退出（浮动盈亏 -1.3%）
2026-10-01 19:18:04,BUY,SOXL,1.8277,153.3867,280.34,云端动量入场（B级）：距20日新高 -0.4%、5日动量 +4.8%、RSI 61、量比 0.8；止损 -6% / 止盈 +9% / 时间止损 5 日
2026-10-02 19:01:42,BUY,NVDL,7.3185,38.7193,283.37,云端动量入场（B级）：距20日新高 -1.1%、5日动量 +8.8%、RSI 63、量比 0.9；止损 -6% / 止盈 +9% / 时间止损 5 日
2026-10-02 19:01:42,BUY,SMCI,6.4619,43.8519,283.37,云端动量入场（B级）：距20日新高 +0.2%、5日动量 +5.6%、RSI 63、量比 0.7；止损 -6% / 止盈 +9% / 时间止损 5 日
2026-10-02 19:01:42,BUY,NVDA,1.2071,234.7473,283.36,云端动量入场（B级）：距20日新高 -0.1%、5日动量 +4.5%、RSI 64、量比 0.9；止损 -6% / 止盈 +9% / 时间止损 5 日
2026-10-06 19:19:25,SELL,SOXL,1.8277,166.2368,303.83,时间止损：持有 3 个交易日满期退出（浮动盈亏 +8.4%）
2026-10-06 19:19:25,BUY,SOXL,1.7211,166.4032,286.4,云端动量入场（B级）：距20日新高 -2.0%、5日动量 +16.9%、RSI 66、量比 0.6；止损 -6% / 止盈 +9% / 时间止损 5 日
2026-10-07 19:45:59,SELL,NVDL,7.3185,39.4303,288.57,时间止损：持有 3 个交易日满期退出（浮动盈亏 +1.9%）
2026-10-07 19:45:59,SELL,SMCI,6.4619,45.2773,292.58,时间止损：持有 3 个交易日满期退出（浮动盈亏 +3.3%）
2026-10-07 19:45:59,SELL,NVDA,1.2071,236.8815,285.94,时间止损：持有 3 个交易日满期退出（浮动盈亏 +1.0%）
2026-10-07 19:45:59,BUY,SMCI,6.2776,45.3226,284.52,云端动量入场（B级）：距20日新高 +1.3%、5日动量 +10.4%、RSI 66、量比 0.8；止损 -6% / 止盈 +9% / 时间止损 5 日
2026-10-07 19:45:59,BUY,TQQQ,3.4045,83.5718,284.52,云端动量入场（B级）：距20日新高 -2.1%、5日动量 +7.8%、RSI 67、量比 0.7；止损 -6% / 止盈 +9% / 时间止损 5 日
2026-10-07 19:45:59,BUY,FNGU,7.6692,37.0985,284.52,云端动量入场（B级）：距20日新高 -0.1%、5日动量 +7.5%、RSI 67、量比 0.8；止损 -6% / 止盈 +9% / 时间止损 5 日
2026-10-08 19:41:29,SELL,SOXL,1.7211,139.1204,239.44,止损 -16.4%（现价 $139.19 vs 成本 $166.40）
2026-10-08 19:41:29,SELL,SMCI,6.2776,42.1689,264.72,移动止盈：自持仓以来高点 $45.32 回撤超 5.0%（现价 $42.19）
2026-10-08 19:41:29,BUY,PLTR,1.3792,198.019,273.11,云端动量入场（B级）：距20日新高 +1.6%、5日动量 +5.8%、RSI 69、量比 0.7；止损 -6% / 止盈 +9% / 时间止损 5 日
